exp_id,exp_name,test_case,run_no,date_iso8601,commit_hash,environment,input_desc,metric_name,metric_unit,expected_value,measured_value,pass_fail,status,notes
EXP-05,Benchmark Argon2id dan Ciphertext Expansion,vault_unlock_time_e2e,1,2026-07-27,75d17fd,"Windows 11 Home 10.0.26200 build 26200; Intel Core i7-1165G7 4C/8T @2.80GHz; RAM 11.79 GB (free ~0.93 GB saat uji); bare-metal LENOVO 82FG; rustc 1.97.0 / cargo 1.97.0; profil release","aksara id --vault vault1.key --offline (cold-start proses baru per run; AKSARA_PASSPHRASE env)",waktu_unseal_e2e,ms,,85.09,,EXECUTED,"wall-clock Measure-Command; termasuk startup proses + unseal + cetak invite"
EXP-05,Benchmark Argon2id dan Ciphertext Expansion,vault_unlock_time_e2e,2,2026-07-27,75d17fd,"Windows 11 Home 10.0.26200 build 26200; Intel Core i7-1165G7 4C/8T @2.80GHz; RAM 11.79 GB (free ~0.93 GB saat uji); bare-metal LENOVO 82FG; rustc 1.97.0 / cargo 1.97.0; profil release","aksara id --vault vault1.key --offline (cold-start proses baru per run; AKSARA_PASSPHRASE env)",waktu_unseal_e2e,ms,,75.55,,EXECUTED,"wall-clock Measure-Command; termasuk startup proses + unseal + cetak invite"
EXP-05,Benchmark Argon2id dan Ciphertext Expansion,vault_unlock_time_e2e,3,2026-07-27,75d17fd,"Windows 11 Home 10.0.26200 build 26200; Intel Core i7-1165G7 4C/8T @2.80GHz; RAM 11.79 GB (free ~0.93 GB saat uji); bare-metal LENOVO 82FG; rustc 1.97.0 / cargo 1.97.0; profil release","aksara id --vault vault1.key --offline (cold-start proses baru per run; AKSARA_PASSPHRASE env)",waktu_unseal_e2e,ms,,76.07,,EXECUTED,"wall-clock Measure-Command; termasuk startup proses + unseal + cetak invite"
EXP-05,Benchmark Argon2id dan Ciphertext Expansion,vault_unlock_time_e2e,4,2026-07-27,75d17fd,"Windows 11 Home 10.0.26200 build 26200; Intel Core i7-1165G7 4C/8T @2.80GHz; RAM 11.79 GB (free ~0.93 GB saat uji); bare-metal LENOVO 82FG; rustc 1.97.0 / cargo 1.97.0; profil release","aksara id --vault vault1.key --offline (cold-start proses baru per run; AKSARA_PASSPHRASE env)",waktu_unseal_e2e,ms,,65.77,,EXECUTED,"wall-clock Measure-Command; termasuk startup proses + unseal + cetak invite"
EXP-05,Benchmark Argon2id dan Ciphertext Expansion,vault_unlock_time_e2e,5,2026-07-27,75d17fd,"Windows 11 Home 10.0.26200 build 26200; Intel Core i7-1165G7 4C/8T @2.80GHz; RAM 11.79 GB (free ~0.93 GB saat uji); bare-metal LENOVO 82FG; rustc 1.97.0 / cargo 1.97.0; profil release","aksara id --vault vault1.key --offline (cold-start proses baru per run; AKSARA_PASSPHRASE env)",waktu_unseal_e2e,ms,,75.19,,EXECUTED,"wall-clock Measure-Command; termasuk startup proses + unseal + cetak invite"
EXP-05,Benchmark Argon2id dan Ciphertext Expansion,vault_unlock_time_e2e,6,2026-07-27,75d17fd,"Windows 11 Home 10.0.26200 build 26200; Intel Core i7-1165G7 4C/8T @2.80GHz; RAM 11.79 GB (free ~0.93 GB saat uji); bare-metal LENOVO 82FG; rustc 1.97.0 / cargo 1.97.0; profil release","aksara id --vault vault1.key --offline (cold-start proses baru per run; AKSARA_PASSPHRASE env)",waktu_unseal_e2e,ms,,106.86,,EXECUTED,"wall-clock Measure-Command; termasuk startup proses + unseal + cetak invite"
EXP-05,Benchmark Argon2id dan Ciphertext Expansion,vault_unlock_time_e2e,7,2026-07-27,75d17fd,"Windows 11 Home 10.0.26200 build 26200; Intel Core i7-1165G7 4C/8T @2.80GHz; RAM 11.79 GB (free ~0.93 GB saat uji); bare-metal LENOVO 82FG; rustc 1.97.0 / cargo 1.97.0; profil release","aksara id --vault vault1.key --offline (cold-start proses baru per run; AKSARA_PASSPHRASE env)",waktu_unseal_e2e,ms,,66.05,,EXECUTED,"wall-clock Measure-Command; termasuk startup proses + unseal + cetak invite"
EXP-05,Benchmark Argon2id dan Ciphertext Expansion,vault_unlock_time_e2e,8,2026-07-27,75d17fd,"Windows 11 Home 10.0.26200 build 26200; Intel Core i7-1165G7 4C/8T @2.80GHz; RAM 11.79 GB (free ~0.93 GB saat uji); bare-metal LENOVO 82FG; rustc 1.97.0 / cargo 1.97.0; profil release","aksara id --vault vault1.key --offline (cold-start proses baru per run; AKSARA_PASSPHRASE env)",waktu_unseal_e2e,ms,,58.14,,EXECUTED,"wall-clock Measure-Command; termasuk startup proses + unseal + cetak invite"
EXP-05,Benchmark Argon2id dan Ciphertext Expansion,vault_unlock_time_e2e,9,2026-07-27,75d17fd,"Windows 11 Home 10.0.26200 build 26200; Intel Core i7-1165G7 4C/8T @2.80GHz; RAM 11.79 GB (free ~0.93 GB saat uji); bare-metal LENOVO 82FG; rustc 1.97.0 / cargo 1.97.0; profil release","aksara id --vault vault1.key --offline (cold-start proses baru per run; AKSARA_PASSPHRASE env)",waktu_unseal_e2e,ms,,59.4,,EXECUTED,"wall-clock Measure-Command; termasuk startup proses + unseal + cetak invite"
EXP-05,Benchmark Argon2id dan Ciphertext Expansion,vault_unlock_time_e2e,10,2026-07-27,75d17fd,"Windows 11 Home 10.0.26200 build 26200; Intel Core i7-1165G7 4C/8T @2.80GHz; RAM 11.79 GB (free ~0.93 GB saat uji); bare-metal LENOVO 82FG; rustc 1.97.0 / cargo 1.97.0; profil release","aksara id --vault vault1.key --offline (cold-start proses baru per run; AKSARA_PASSPHRASE env)",waktu_unseal_e2e,ms,,82.38,,EXECUTED,"wall-clock Measure-Command; termasuk startup proses + unseal + cetak invite"
EXP-05,Benchmark Argon2id dan Ciphertext Expansion,vault_unlock_time_e2e,11,2026-07-27,75d17fd,"Windows 11 Home 10.0.26200 build 26200; Intel Core i7-1165G7 4C/8T @2.80GHz; RAM 11.79 GB (free ~0.93 GB saat uji); bare-metal LENOVO 82FG; rustc 1.97.0 / cargo 1.97.0; profil release","aksara id --vault vault1.key --offline (cold-start proses baru per run; AKSARA_PASSPHRASE env)",waktu_unseal_e2e,ms,,60.96,,EXECUTED,"wall-clock Measure-Command; termasuk startup proses + unseal + cetak invite"
EXP-05,Benchmark Argon2id dan Ciphertext Expansion,vault_unlock_time_e2e,12,2026-07-27,75d17fd,"Windows 11 Home 10.0.26200 build 26200; Intel Core i7-1165G7 4C/8T @2.80GHz; RAM 11.79 GB (free ~0.93 GB saat uji); bare-metal LENOVO 82FG; rustc 1.97.0 / cargo 1.97.0; profil release","aksara id --vault vault1.key --offline (cold-start proses baru per run; AKSARA_PASSPHRASE env)",waktu_unseal_e2e,ms,,61.58,,EXECUTED,"wall-clock Measure-Command; termasuk startup proses + unseal + cetak invite"
EXP-05,Benchmark Argon2id dan Ciphertext Expansion,vault_unlock_time_e2e,13,2026-07-27,75d17fd,"Windows 11 Home 10.0.26200 build 26200; Intel Core i7-1165G7 4C/8T @2.80GHz; RAM 11.79 GB (free ~0.93 GB saat uji); bare-metal LENOVO 82FG; rustc 1.97.0 / cargo 1.97.0; profil release","aksara id --vault vault1.key --offline (cold-start proses baru per run; AKSARA_PASSPHRASE env)",waktu_unseal_e2e,ms,,67.57,,EXECUTED,"wall-clock Measure-Command; termasuk startup proses + unseal + cetak invite"
EXP-05,Benchmark Argon2id dan Ciphertext Expansion,vault_unlock_time_e2e,14,2026-07-27,75d17fd,"Windows 11 Home 10.0.26200 build 26200; Intel Core i7-1165G7 4C/8T @2.80GHz; RAM 11.79 GB (free ~0.93 GB saat uji); bare-metal LENOVO 82FG; rustc 1.97.0 / cargo 1.97.0; profil release","aksara id --vault vault1.key --offline (cold-start proses baru per run; AKSARA_PASSPHRASE env)",waktu_unseal_e2e,ms,,55.83,,EXECUTED,"wall-clock Measure-Command; termasuk startup proses + unseal + cetak invite"
EXP-05,Benchmark Argon2id dan Ciphertext Expansion,vault_unlock_time_e2e,15,2026-07-27,75d17fd,"Windows 11 Home 10.0.26200 build 26200; Intel Core i7-1165G7 4C/8T @2.80GHz; RAM 11.79 GB (free ~0.93 GB saat uji); bare-metal LENOVO 82FG; rustc 1.97.0 / cargo 1.97.0; profil release","aksara id --vault vault1.key --offline (cold-start proses baru per run; AKSARA_PASSPHRASE env)",waktu_unseal_e2e,ms,,58.3,,EXECUTED,"wall-clock Measure-Command; termasuk startup proses + unseal + cetak invite"
EXP-05,Benchmark Argon2id dan Ciphertext Expansion,vault_unlock_time_e2e,16,2026-07-27,75d17fd,"Windows 11 Home 10.0.26200 build 26200; Intel Core i7-1165G7 4C/8T @2.80GHz; RAM 11.79 GB (free ~0.93 GB saat uji); bare-metal LENOVO 82FG; rustc 1.97.0 / cargo 1.97.0; profil release","aksara id --vault vault1.key --offline (cold-start proses baru per run; AKSARA_PASSPHRASE env)",waktu_unseal_e2e,ms,,59.45,,EXECUTED,"wall-clock Measure-Command; termasuk startup proses + unseal + cetak invite"
EXP-05,Benchmark Argon2id dan Ciphertext Expansion,vault_unlock_time_e2e,17,2026-07-27,75d17fd,"Windows 11 Home 10.0.26200 build 26200; Intel Core i7-1165G7 4C/8T @2.80GHz; RAM 11.79 GB (free ~0.93 GB saat uji); bare-metal LENOVO 82FG; rustc 1.97.0 / cargo 1.97.0; profil release","aksara id --vault vault1.key --offline (cold-start proses baru per run; AKSARA_PASSPHRASE env)",waktu_unseal_e2e,ms,,67.22,,EXECUTED,"wall-clock Measure-Command; termasuk startup proses + unseal + cetak invite"
EXP-05,Benchmark Argon2id dan Ciphertext Expansion,vault_unlock_time_e2e,18,2026-07-27,75d17fd,"Windows 11 Home 10.0.26200 build 26200; Intel Core i7-1165G7 4C/8T @2.80GHz; RAM 11.79 GB (free ~0.93 GB saat uji); bare-metal LENOVO 82FG; rustc 1.97.0 / cargo 1.97.0; profil release","aksara id --vault vault1.key --offline (cold-start proses baru per run; AKSARA_PASSPHRASE env)",waktu_unseal_e2e,ms,,63.56,,EXECUTED,"wall-clock Measure-Command; termasuk startup proses + unseal + cetak invite"
EXP-05,Benchmark Argon2id dan Ciphertext Expansion,vault_unlock_time_e2e,19,2026-07-27,75d17fd,"Windows 11 Home 10.0.26200 build 26200; Intel Core i7-1165G7 4C/8T @2.80GHz; RAM 11.79 GB (free ~0.93 GB saat uji); bare-metal LENOVO 82FG; rustc 1.97.0 / cargo 1.97.0; profil release","aksara id --vault vault1.key --offline (cold-start proses baru per run; AKSARA_PASSPHRASE env)",waktu_unseal_e2e,ms,,79.37,,EXECUTED,"wall-clock Measure-Command; termasuk startup proses + unseal + cetak invite"
EXP-05,Benchmark Argon2id dan Ciphertext Expansion,vault_unlock_time_e2e,20,2026-07-27,75d17fd,"Windows 11 Home 10.0.26200 build 26200; Intel Core i7-1165G7 4C/8T @2.80GHz; RAM 11.79 GB (free ~0.93 GB saat uji); bare-metal LENOVO 82FG; rustc 1.97.0 / cargo 1.97.0; profil release","aksara id --vault vault1.key --offline (cold-start proses baru per run; AKSARA_PASSPHRASE env)",waktu_unseal_e2e,ms,,92.52,,EXECUTED,"wall-clock Measure-Command; termasuk startup proses + unseal + cetak invite"
EXP-05,Benchmark Argon2id dan Ciphertext Expansion,vault_unlock_time_e2e,21,2026-07-27,75d17fd,"Windows 11 Home 10.0.26200 build 26200; Intel Core i7-1165G7 4C/8T @2.80GHz; RAM 11.79 GB (free ~0.93 GB saat uji); bare-metal LENOVO 82FG; rustc 1.97.0 / cargo 1.97.0; profil release","aksara id --vault vault1.key --offline (cold-start proses baru per run; AKSARA_PASSPHRASE env)",waktu_unseal_e2e,ms,,57.46,,EXECUTED,"wall-clock Measure-Command; termasuk startup proses + unseal + cetak invite"
EXP-05,Benchmark Argon2id dan Ciphertext Expansion,vault_unlock_time_e2e,22,2026-07-27,75d17fd,"Windows 11 Home 10.0.26200 build 26200; Intel Core i7-1165G7 4C/8T @2.80GHz; RAM 11.79 GB (free ~0.93 GB saat uji); bare-metal LENOVO 82FG; rustc 1.97.0 / cargo 1.97.0; profil release","aksara id --vault vault1.key --offline (cold-start proses baru per run; AKSARA_PASSPHRASE env)",waktu_unseal_e2e,ms,,59.4,,EXECUTED,"wall-clock Measure-Command; termasuk startup proses + unseal + cetak invite"
EXP-05,Benchmark Argon2id dan Ciphertext Expansion,vault_unlock_time_e2e,23,2026-07-27,75d17fd,"Windows 11 Home 10.0.26200 build 26200; Intel Core i7-1165G7 4C/8T @2.80GHz; RAM 11.79 GB (free ~0.93 GB saat uji); bare-metal LENOVO 82FG; rustc 1.97.0 / cargo 1.97.0; profil release","aksara id --vault vault1.key --offline (cold-start proses baru per run; AKSARA_PASSPHRASE env)",waktu_unseal_e2e,ms,,58.76,,EXECUTED,"wall-clock Measure-Command; termasuk startup proses + unseal + cetak invite"
EXP-05,Benchmark Argon2id dan Ciphertext Expansion,vault_unlock_time_e2e,24,2026-07-27,75d17fd,"Windows 11 Home 10.0.26200 build 26200; Intel Core i7-1165G7 4C/8T @2.80GHz; RAM 11.79 GB (free ~0.93 GB saat uji); bare-metal LENOVO 82FG; rustc 1.97.0 / cargo 1.97.0; profil release","aksara id --vault vault1.key --offline (cold-start proses baru per run; AKSARA_PASSPHRASE env)",waktu_unseal_e2e,ms,,59.73,,EXECUTED,"wall-clock Measure-Command; termasuk startup proses + unseal + cetak invite"
EXP-05,Benchmark Argon2id dan Ciphertext Expansion,vault_unlock_time_e2e,25,2026-07-27,75d17fd,"Windows 11 Home 10.0.26200 build 26200; Intel Core i7-1165G7 4C/8T @2.80GHz; RAM 11.79 GB (free ~0.93 GB saat uji); bare-metal LENOVO 82FG; rustc 1.97.0 / cargo 1.97.0; profil release","aksara id --vault vault1.key --offline (cold-start proses baru per run; AKSARA_PASSPHRASE env)",waktu_unseal_e2e,ms,,59.72,,EXECUTED,"wall-clock Measure-Command; termasuk startup proses + unseal + cetak invite"
EXP-05,Benchmark Argon2id dan Ciphertext Expansion,vault_unlock_time_e2e,26,2026-07-27,75d17fd,"Windows 11 Home 10.0.26200 build 26200; Intel Core i7-1165G7 4C/8T @2.80GHz; RAM 11.79 GB (free ~0.93 GB saat uji); bare-metal LENOVO 82FG; rustc 1.97.0 / cargo 1.97.0; profil release","aksara id --vault vault1.key --offline (cold-start proses baru per run; AKSARA_PASSPHRASE env)",waktu_unseal_e2e,ms,,54.53,,EXECUTED,"wall-clock Measure-Command; termasuk startup proses + unseal + cetak invite"
EXP-05,Benchmark Argon2id dan Ciphertext Expansion,vault_unlock_time_e2e,27,2026-07-27,75d17fd,"Windows 11 Home 10.0.26200 build 26200; Intel Core i7-1165G7 4C/8T @2.80GHz; RAM 11.79 GB (free ~0.93 GB saat uji); bare-metal LENOVO 82FG; rustc 1.97.0 / cargo 1.97.0; profil release","aksara id --vault vault1.key --offline (cold-start proses baru per run; AKSARA_PASSPHRASE env)",waktu_unseal_e2e,ms,,61.74,,EXECUTED,"wall-clock Measure-Command; termasuk startup proses + unseal + cetak invite"
EXP-05,Benchmark Argon2id dan Ciphertext Expansion,vault_unlock_time_e2e,28,2026-07-27,75d17fd,"Windows 11 Home 10.0.26200 build 26200; Intel Core i7-1165G7 4C/8T @2.80GHz; RAM 11.79 GB (free ~0.93 GB saat uji); bare-metal LENOVO 82FG; rustc 1.97.0 / cargo 1.97.0; profil release","aksara id --vault vault1.key --offline (cold-start proses baru per run; AKSARA_PASSPHRASE env)",waktu_unseal_e2e,ms,,76.07,,EXECUTED,"wall-clock Measure-Command; termasuk startup proses + unseal + cetak invite"
EXP-05,Benchmark Argon2id dan Ciphertext Expansion,vault_unlock_time_e2e,29,2026-07-27,75d17fd,"Windows 11 Home 10.0.26200 build 26200; Intel Core i7-1165G7 4C/8T @2.80GHz; RAM 11.79 GB (free ~0.93 GB saat uji); bare-metal LENOVO 82FG; rustc 1.97.0 / cargo 1.97.0; profil release","aksara id --vault vault1.key --offline (cold-start proses baru per run; AKSARA_PASSPHRASE env)",waktu_unseal_e2e,ms,,85.09,,EXECUTED,"wall-clock Measure-Command; termasuk startup proses + unseal + cetak invite"
EXP-05,Benchmark Argon2id dan Ciphertext Expansion,vault_unlock_time_e2e,30,2026-07-27,75d17fd,"Windows 11 Home 10.0.26200 build 26200; Intel Core i7-1165G7 4C/8T @2.80GHz; RAM 11.79 GB (free ~0.93 GB saat uji); bare-metal LENOVO 82FG; rustc 1.97.0 / cargo 1.97.0; profil release","aksara id --vault vault1.key --offline (cold-start proses baru per run; AKSARA_PASSPHRASE env)",waktu_unseal_e2e,ms,,64.74,,EXECUTED,"wall-clock Measure-Command; termasuk startup proses + unseal + cetak invite"
EXP-05,Benchmark Argon2id dan Ciphertext Expansion,process_baseline_no_kdf,1,2026-07-27,75d17fd,"Windows 11 Home 10.0.26200 build 26200; Intel Core i7-1165G7 4C/8T @2.80GHz; RAM 11.79 GB (free ~0.93 GB saat uji); bare-metal LENOVO 82FG; rustc 1.97.0 / cargo 1.97.0; profil release","aksara -h (cold-start; tanpa unseal/Argon2id)",waktu_baseline_proses,ms,,33.53,,EXECUTED,"kontrol untuk mengisolasi biaya Argon2id dari overhead spawn proses"
EXP-05,Benchmark Argon2id dan Ciphertext Expansion,process_baseline_no_kdf,2,2026-07-27,75d17fd,"Windows 11 Home 10.0.26200 build 26200; Intel Core i7-1165G7 4C/8T @2.80GHz; RAM 11.79 GB (free ~0.93 GB saat uji); bare-metal LENOVO 82FG; rustc 1.97.0 / cargo 1.97.0; profil release","aksara -h (cold-start; tanpa unseal/Argon2id)",waktu_baseline_proses,ms,,25.46,,EXECUTED,"kontrol untuk mengisolasi biaya Argon2id dari overhead spawn proses"
EXP-05,Benchmark Argon2id dan Ciphertext Expansion,process_baseline_no_kdf,3,2026-07-27,75d17fd,"Windows 11 Home 10.0.26200 build 26200; Intel Core i7-1165G7 4C/8T @2.80GHz; RAM 11.79 GB (free ~0.93 GB saat uji); bare-metal LENOVO 82FG; rustc 1.97.0 / cargo 1.97.0; profil release","aksara -h (cold-start; tanpa unseal/Argon2id)",waktu_baseline_proses,ms,,23.02,,EXECUTED,"kontrol untuk mengisolasi biaya Argon2id dari overhead spawn proses"
EXP-05,Benchmark Argon2id dan Ciphertext Expansion,process_baseline_no_kdf,4,2026-07-27,75d17fd,"Windows 11 Home 10.0.26200 build 26200; Intel Core i7-1165G7 4C/8T @2.80GHz; RAM 11.79 GB (free ~0.93 GB saat uji); bare-metal LENOVO 82FG; rustc 1.97.0 / cargo 1.97.0; profil release","aksara -h (cold-start; tanpa unseal/Argon2id)",waktu_baseline_proses,ms,,17.57,,EXECUTED,"kontrol untuk mengisolasi biaya Argon2id dari overhead spawn proses"
EXP-05,Benchmark Argon2id dan Ciphertext Expansion,process_baseline_no_kdf,5,2026-07-27,75d17fd,"Windows 11 Home 10.0.26200 build 26200; Intel Core i7-1165G7 4C/8T @2.80GHz; RAM 11.79 GB (free ~0.93 GB saat uji); bare-metal LENOVO 82FG; rustc 1.97.0 / cargo 1.97.0; profil release","aksara -h (cold-start; tanpa unseal/Argon2id)",waktu_baseline_proses,ms,,28.66,,EXECUTED,"kontrol untuk mengisolasi biaya Argon2id dari overhead spawn proses"
EXP-05,Benchmark Argon2id dan Ciphertext Expansion,process_baseline_no_kdf,6,2026-07-27,75d17fd,"Windows 11 Home 10.0.26200 build 26200; Intel Core i7-1165G7 4C/8T @2.80GHz; RAM 11.79 GB (free ~0.93 GB saat uji); bare-metal LENOVO 82FG; rustc 1.97.0 / cargo 1.97.0; profil release","aksara -h (cold-start; tanpa unseal/Argon2id)",waktu_baseline_proses,ms,,20.56,,EXECUTED,"kontrol untuk mengisolasi biaya Argon2id dari overhead spawn proses"
EXP-05,Benchmark Argon2id dan Ciphertext Expansion,process_baseline_no_kdf,7,2026-07-27,75d17fd,"Windows 11 Home 10.0.26200 build 26200; Intel Core i7-1165G7 4C/8T @2.80GHz; RAM 11.79 GB (free ~0.93 GB saat uji); bare-metal LENOVO 82FG; rustc 1.97.0 / cargo 1.97.0; profil release","aksara -h (cold-start; tanpa unseal/Argon2id)",waktu_baseline_proses,ms,,16.06,,EXECUTED,"kontrol untuk mengisolasi biaya Argon2id dari overhead spawn proses"
EXP-05,Benchmark Argon2id dan Ciphertext Expansion,process_baseline_no_kdf,8,2026-07-27,75d17fd,"Windows 11 Home 10.0.26200 build 26200; Intel Core i7-1165G7 4C/8T @2.80GHz; RAM 11.79 GB (free ~0.93 GB saat uji); bare-metal LENOVO 82FG; rustc 1.97.0 / cargo 1.97.0; profil release","aksara -h (cold-start; tanpa unseal/Argon2id)",waktu_baseline_proses,ms,,31.15,,EXECUTED,"kontrol untuk mengisolasi biaya Argon2id dari overhead spawn proses"
EXP-05,Benchmark Argon2id dan Ciphertext Expansion,process_baseline_no_kdf,9,2026-07-27,75d17fd,"Windows 11 Home 10.0.26200 build 26200; Intel Core i7-1165G7 4C/8T @2.80GHz; RAM 11.79 GB (free ~0.93 GB saat uji); bare-metal LENOVO 82FG; rustc 1.97.0 / cargo 1.97.0; profil release","aksara -h (cold-start; tanpa unseal/Argon2id)",waktu_baseline_proses,ms,,17.07,,EXECUTED,"kontrol untuk mengisolasi biaya Argon2id dari overhead spawn proses"
EXP-05,Benchmark Argon2id dan Ciphertext Expansion,process_baseline_no_kdf,10,2026-07-27,75d17fd,"Windows 11 Home 10.0.26200 build 26200; Intel Core i7-1165G7 4C/8T @2.80GHz; RAM 11.79 GB (free ~0.93 GB saat uji); bare-metal LENOVO 82FG; rustc 1.97.0 / cargo 1.97.0; profil release","aksara -h (cold-start; tanpa unseal/Argon2id)",waktu_baseline_proses,ms,,19.34,,EXECUTED,"kontrol untuk mengisolasi biaya Argon2id dari overhead spawn proses"
EXP-05,Benchmark Argon2id dan Ciphertext Expansion,process_baseline_no_kdf,11,2026-07-27,75d17fd,"Windows 11 Home 10.0.26200 build 26200; Intel Core i7-1165G7 4C/8T @2.80GHz; RAM 11.79 GB (free ~0.93 GB saat uji); bare-metal LENOVO 82FG; rustc 1.97.0 / cargo 1.97.0; profil release","aksara -h (cold-start; tanpa unseal/Argon2id)",waktu_baseline_proses,ms,,16.34,,EXECUTED,"kontrol untuk mengisolasi biaya Argon2id dari overhead spawn proses"
EXP-05,Benchmark Argon2id dan Ciphertext Expansion,process_baseline_no_kdf,12,2026-07-27,75d17fd,"Windows 11 Home 10.0.26200 build 26200; Intel Core i7-1165G7 4C/8T @2.80GHz; RAM 11.79 GB (free ~0.93 GB saat uji); bare-metal LENOVO 82FG; rustc 1.97.0 / cargo 1.97.0; profil release","aksara -h (cold-start; tanpa unseal/Argon2id)",waktu_baseline_proses,ms,,20.17,,EXECUTED,"kontrol untuk mengisolasi biaya Argon2id dari overhead spawn proses"
EXP-05,Benchmark Argon2id dan Ciphertext Expansion,process_baseline_no_kdf,13,2026-07-27,75d17fd,"Windows 11 Home 10.0.26200 build 26200; Intel Core i7-1165G7 4C/8T @2.80GHz; RAM 11.79 GB (free ~0.93 GB saat uji); bare-metal LENOVO 82FG; rustc 1.97.0 / cargo 1.97.0; profil release","aksara -h (cold-start; tanpa unseal/Argon2id)",waktu_baseline_proses,ms,,17.45,,EXECUTED,"kontrol untuk mengisolasi biaya Argon2id dari overhead spawn proses"
EXP-05,Benchmark Argon2id dan Ciphertext Expansion,process_baseline_no_kdf,14,2026-07-27,75d17fd,"Windows 11 Home 10.0.26200 build 26200; Intel Core i7-1165G7 4C/8T @2.80GHz; RAM 11.79 GB (free ~0.93 GB saat uji); bare-metal LENOVO 82FG; rustc 1.97.0 / cargo 1.97.0; profil release","aksara -h (cold-start; tanpa unseal/Argon2id)",waktu_baseline_proses,ms,,15.87,,EXECUTED,"kontrol untuk mengisolasi biaya Argon2id dari overhead spawn proses"
EXP-05,Benchmark Argon2id dan Ciphertext Expansion,process_baseline_no_kdf,15,2026-07-27,75d17fd,"Windows 11 Home 10.0.26200 build 26200; Intel Core i7-1165G7 4C/8T @2.80GHz; RAM 11.79 GB (free ~0.93 GB saat uji); bare-metal LENOVO 82FG; rustc 1.97.0 / cargo 1.97.0; profil release","aksara -h (cold-start; tanpa unseal/Argon2id)",waktu_baseline_proses,ms,,16.01,,EXECUTED,"kontrol untuk mengisolasi biaya Argon2id dari overhead spawn proses"
EXP-05,Benchmark Argon2id dan Ciphertext Expansion,process_baseline_no_kdf,16,2026-07-27,75d17fd,"Windows 11 Home 10.0.26200 build 26200; Intel Core i7-1165G7 4C/8T @2.80GHz; RAM 11.79 GB (free ~0.93 GB saat uji); bare-metal LENOVO 82FG; rustc 1.97.0 / cargo 1.97.0; profil release","aksara -h (cold-start; tanpa unseal/Argon2id)",waktu_baseline_proses,ms,,23.5,,EXECUTED,"kontrol untuk mengisolasi biaya Argon2id dari overhead spawn proses"
EXP-05,Benchmark Argon2id dan Ciphertext Expansion,process_baseline_no_kdf,17,2026-07-27,75d17fd,"Windows 11 Home 10.0.26200 build 26200; Intel Core i7-1165G7 4C/8T @2.80GHz; RAM 11.79 GB (free ~0.93 GB saat uji); bare-metal LENOVO 82FG; rustc 1.97.0 / cargo 1.97.0; profil release","aksara -h (cold-start; tanpa unseal/Argon2id)",waktu_baseline_proses,ms,,19.4,,EXECUTED,"kontrol untuk mengisolasi biaya Argon2id dari overhead spawn proses"
EXP-05,Benchmark Argon2id dan Ciphertext Expansion,process_baseline_no_kdf,18,2026-07-27,75d17fd,"Windows 11 Home 10.0.26200 build 26200; Intel Core i7-1165G7 4C/8T @2.80GHz; RAM 11.79 GB (free ~0.93 GB saat uji); bare-metal LENOVO 82FG; rustc 1.97.0 / cargo 1.97.0; profil release","aksara -h (cold-start; tanpa unseal/Argon2id)",waktu_baseline_proses,ms,,18.01,,EXECUTED,"kontrol untuk mengisolasi biaya Argon2id dari overhead spawn proses"
EXP-05,Benchmark Argon2id dan Ciphertext Expansion,process_baseline_no_kdf,19,2026-07-27,75d17fd,"Windows 11 Home 10.0.26200 build 26200; Intel Core i7-1165G7 4C/8T @2.80GHz; RAM 11.79 GB (free ~0.93 GB saat uji); bare-metal LENOVO 82FG; rustc 1.97.0 / cargo 1.97.0; profil release","aksara -h (cold-start; tanpa unseal/Argon2id)",waktu_baseline_proses,ms,,27.35,,EXECUTED,"kontrol untuk mengisolasi biaya Argon2id dari overhead spawn proses"
EXP-05,Benchmark Argon2id dan Ciphertext Expansion,process_baseline_no_kdf,20,2026-07-27,75d17fd,"Windows 11 Home 10.0.26200 build 26200; Intel Core i7-1165G7 4C/8T @2.80GHz; RAM 11.79 GB (free ~0.93 GB saat uji); bare-metal LENOVO 82FG; rustc 1.97.0 / cargo 1.97.0; profil release","aksara -h (cold-start; tanpa unseal/Argon2id)",waktu_baseline_proses,ms,,18.82,,EXECUTED,"kontrol untuk mengisolasi biaya Argon2id dari overhead spawn proses"
EXP-05,Benchmark Argon2id dan Ciphertext Expansion,process_baseline_no_kdf,21,2026-07-27,75d17fd,"Windows 11 Home 10.0.26200 build 26200; Intel Core i7-1165G7 4C/8T @2.80GHz; RAM 11.79 GB (free ~0.93 GB saat uji); bare-metal LENOVO 82FG; rustc 1.97.0 / cargo 1.97.0; profil release","aksara -h (cold-start; tanpa unseal/Argon2id)",waktu_baseline_proses,ms,,18.07,,EXECUTED,"kontrol untuk mengisolasi biaya Argon2id dari overhead spawn proses"
EXP-05,Benchmark Argon2id dan Ciphertext Expansion,process_baseline_no_kdf,22,2026-07-27,75d17fd,"Windows 11 Home 10.0.26200 build 26200; Intel Core i7-1165G7 4C/8T @2.80GHz; RAM 11.79 GB (free ~0.93 GB saat uji); bare-metal LENOVO 82FG; rustc 1.97.0 / cargo 1.97.0; profil release","aksara -h (cold-start; tanpa unseal/Argon2id)",waktu_baseline_proses,ms,,19.47,,EXECUTED,"kontrol untuk mengisolasi biaya Argon2id dari overhead spawn proses"
EXP-05,Benchmark Argon2id dan Ciphertext Expansion,process_baseline_no_kdf,23,2026-07-27,75d17fd,"Windows 11 Home 10.0.26200 build 26200; Intel Core i7-1165G7 4C/8T @2.80GHz; RAM 11.79 GB (free ~0.93 GB saat uji); bare-metal LENOVO 82FG; rustc 1.97.0 / cargo 1.97.0; profil release","aksara -h (cold-start; tanpa unseal/Argon2id)",waktu_baseline_proses,ms,,17.44,,EXECUTED,"kontrol untuk mengisolasi biaya Argon2id dari overhead spawn proses"
EXP-05,Benchmark Argon2id dan Ciphertext Expansion,process_baseline_no_kdf,24,2026-07-27,75d17fd,"Windows 11 Home 10.0.26200 build 26200; Intel Core i7-1165G7 4C/8T @2.80GHz; RAM 11.79 GB (free ~0.93 GB saat uji); bare-metal LENOVO 82FG; rustc 1.97.0 / cargo 1.97.0; profil release","aksara -h (cold-start; tanpa unseal/Argon2id)",waktu_baseline_proses,ms,,18.17,,EXECUTED,"kontrol untuk mengisolasi biaya Argon2id dari overhead spawn proses"
EXP-05,Benchmark Argon2id dan Ciphertext Expansion,process_baseline_no_kdf,25,2026-07-27,75d17fd,"Windows 11 Home 10.0.26200 build 26200; Intel Core i7-1165G7 4C/8T @2.80GHz; RAM 11.79 GB (free ~0.93 GB saat uji); bare-metal LENOVO 82FG; rustc 1.97.0 / cargo 1.97.0; profil release","aksara -h (cold-start; tanpa unseal/Argon2id)",waktu_baseline_proses,ms,,17.12,,EXECUTED,"kontrol untuk mengisolasi biaya Argon2id dari overhead spawn proses"
EXP-05,Benchmark Argon2id dan Ciphertext Expansion,process_baseline_no_kdf,26,2026-07-27,75d17fd,"Windows 11 Home 10.0.26200 build 26200; Intel Core i7-1165G7 4C/8T @2.80GHz; RAM 11.79 GB (free ~0.93 GB saat uji); bare-metal LENOVO 82FG; rustc 1.97.0 / cargo 1.97.0; profil release","aksara -h (cold-start; tanpa unseal/Argon2id)",waktu_baseline_proses,ms,,13.65,,EXECUTED,"kontrol untuk mengisolasi biaya Argon2id dari overhead spawn proses"
EXP-05,Benchmark Argon2id dan Ciphertext Expansion,process_baseline_no_kdf,27,2026-07-27,75d17fd,"Windows 11 Home 10.0.26200 build 26200; Intel Core i7-1165G7 4C/8T @2.80GHz; RAM 11.79 GB (free ~0.93 GB saat uji); bare-metal LENOVO 82FG; rustc 1.97.0 / cargo 1.97.0; profil release","aksara -h (cold-start; tanpa unseal/Argon2id)",waktu_baseline_proses,ms,,18.86,,EXECUTED,"kontrol untuk mengisolasi biaya Argon2id dari overhead spawn proses"
EXP-05,Benchmark Argon2id dan Ciphertext Expansion,process_baseline_no_kdf,28,2026-07-27,75d17fd,"Windows 11 Home 10.0.26200 build 26200; Intel Core i7-1165G7 4C/8T @2.80GHz; RAM 11.79 GB (free ~0.93 GB saat uji); bare-metal LENOVO 82FG; rustc 1.97.0 / cargo 1.97.0; profil release","aksara -h (cold-start; tanpa unseal/Argon2id)",waktu_baseline_proses,ms,,21.82,,EXECUTED,"kontrol untuk mengisolasi biaya Argon2id dari overhead spawn proses"
EXP-05,Benchmark Argon2id dan Ciphertext Expansion,process_baseline_no_kdf,29,2026-07-27,75d17fd,"Windows 11 Home 10.0.26200 build 26200; Intel Core i7-1165G7 4C/8T @2.80GHz; RAM 11.79 GB (free ~0.93 GB saat uji); bare-metal LENOVO 82FG; rustc 1.97.0 / cargo 1.97.0; profil release","aksara -h (cold-start; tanpa unseal/Argon2id)",waktu_baseline_proses,ms,,23.4,,EXECUTED,"kontrol untuk mengisolasi biaya Argon2id dari overhead spawn proses"
EXP-05,Benchmark Argon2id dan Ciphertext Expansion,process_baseline_no_kdf,30,2026-07-27,75d17fd,"Windows 11 Home 10.0.26200 build 26200; Intel Core i7-1165G7 4C/8T @2.80GHz; RAM 11.79 GB (free ~0.93 GB saat uji); bare-metal LENOVO 82FG; rustc 1.97.0 / cargo 1.97.0; profil release","aksara -h (cold-start; tanpa unseal/Argon2id)",waktu_baseline_proses,ms,,21.11,,EXECUTED,"kontrol untuk mengisolasi biaya Argon2id dari overhead spawn proses"
EXP-02,Correctness dan Rejection Handshake Noise_IK,handshake_latency_testbin,1,2026-07-27,75d17fd,"Windows 11 Home 10.0.26200 build 26200; Intel Core i7-1165G7 4C/8T @2.80GHz; RAM 11.79 GB (free ~0.93 GB saat uji); bare-metal LENOVO 82FG; rustc 1.97.0 / cargo 1.97.0; profil release","test binary --exact handshake_ik_roundtrip (1 test per proses)",waktu_proses_dengan_handshake,ms,,36.56,,EXECUTED,"pengukuran diferensial eksternal; bukan timer di dalam do_handshake()"
EXP-02,Correctness dan Rejection Handshake Noise_IK,handshake_latency_testbin,2,2026-07-27,75d17fd,"Windows 11 Home 10.0.26200 build 26200; Intel Core i7-1165G7 4C/8T @2.80GHz; RAM 11.79 GB (free ~0.93 GB saat uji); bare-metal LENOVO 82FG; rustc 1.97.0 / cargo 1.97.0; profil release","test binary --exact handshake_ik_roundtrip (1 test per proses)",waktu_proses_dengan_handshake,ms,,11.73,,EXECUTED,"pengukuran diferensial eksternal; bukan timer di dalam do_handshake()"
EXP-02,Correctness dan Rejection Handshake Noise_IK,handshake_latency_testbin,3,2026-07-27,75d17fd,"Windows 11 Home 10.0.26200 build 26200; Intel Core i7-1165G7 4C/8T @2.80GHz; RAM 11.79 GB (free ~0.93 GB saat uji); bare-metal LENOVO 82FG; rustc 1.97.0 / cargo 1.97.0; profil release","test binary --exact handshake_ik_roundtrip (1 test per proses)",waktu_proses_dengan_handshake,ms,,12.36,,EXECUTED,"pengukuran diferensial eksternal; bukan timer di dalam do_handshake()"
EXP-02,Correctness dan Rejection Handshake Noise_IK,handshake_latency_testbin,4,2026-07-27,75d17fd,"Windows 11 Home 10.0.26200 build 26200; Intel Core i7-1165G7 4C/8T @2.80GHz; RAM 11.79 GB (free ~0.93 GB saat uji); bare-metal LENOVO 82FG; rustc 1.97.0 / cargo 1.97.0; profil release","test binary --exact handshake_ik_roundtrip (1 test per proses)",waktu_proses_dengan_handshake,ms,,11.84,,EXECUTED,"pengukuran diferensial eksternal; bukan timer di dalam do_handshake()"
EXP-02,Correctness dan Rejection Handshake Noise_IK,handshake_latency_testbin,5,2026-07-27,75d17fd,"Windows 11 Home 10.0.26200 build 26200; Intel Core i7-1165G7 4C/8T @2.80GHz; RAM 11.79 GB (free ~0.93 GB saat uji); bare-metal LENOVO 82FG; rustc 1.97.0 / cargo 1.97.0; profil release","test binary --exact handshake_ik_roundtrip (1 test per proses)",waktu_proses_dengan_handshake,ms,,11.35,,EXECUTED,"pengukuran diferensial eksternal; bukan timer di dalam do_handshake()"
EXP-02,Correctness dan Rejection Handshake Noise_IK,handshake_latency_testbin,6,2026-07-27,75d17fd,"Windows 11 Home 10.0.26200 build 26200; Intel Core i7-1165G7 4C/8T @2.80GHz; RAM 11.79 GB (free ~0.93 GB saat uji); bare-metal LENOVO 82FG; rustc 1.97.0 / cargo 1.97.0; profil release","test binary --exact handshake_ik_roundtrip (1 test per proses)",waktu_proses_dengan_handshake,ms,,14.41,,EXECUTED,"pengukuran diferensial eksternal; bukan timer di dalam do_handshake()"
EXP-02,Correctness dan Rejection Handshake Noise_IK,handshake_latency_testbin,7,2026-07-27,75d17fd,"Windows 11 Home 10.0.26200 build 26200; Intel Core i7-1165G7 4C/8T @2.80GHz; RAM 11.79 GB (free ~0.93 GB saat uji); bare-metal LENOVO 82FG; rustc 1.97.0 / cargo 1.97.0; profil release","test binary --exact handshake_ik_roundtrip (1 test per proses)",waktu_proses_dengan_handshake,ms,,13.53,,EXECUTED,"pengukuran diferensial eksternal; bukan timer di dalam do_handshake()"
EXP-02,Correctness dan Rejection Handshake Noise_IK,handshake_latency_testbin,8,2026-07-27,75d17fd,"Windows 11 Home 10.0.26200 build 26200; Intel Core i7-1165G7 4C/8T @2.80GHz; RAM 11.79 GB (free ~0.93 GB saat uji); bare-metal LENOVO 82FG; rustc 1.97.0 / cargo 1.97.0; profil release","test binary --exact handshake_ik_roundtrip (1 test per proses)",waktu_proses_dengan_handshake,ms,,16.71,,EXECUTED,"pengukuran diferensial eksternal; bukan timer di dalam do_handshake()"
EXP-02,Correctness dan Rejection Handshake Noise_IK,handshake_latency_testbin,9,2026-07-27,75d17fd,"Windows 11 Home 10.0.26200 build 26200; Intel Core i7-1165G7 4C/8T @2.80GHz; RAM 11.79 GB (free ~0.93 GB saat uji); bare-metal LENOVO 82FG; rustc 1.97.0 / cargo 1.97.0; profil release","test binary --exact handshake_ik_roundtrip (1 test per proses)",waktu_proses_dengan_handshake,ms,,11.84,,EXECUTED,"pengukuran diferensial eksternal; bukan timer di dalam do_handshake()"
EXP-02,Correctness dan Rejection Handshake Noise_IK,handshake_latency_testbin,10,2026-07-27,75d17fd,"Windows 11 Home 10.0.26200 build 26200; Intel Core i7-1165G7 4C/8T @2.80GHz; RAM 11.79 GB (free ~0.93 GB saat uji); bare-metal LENOVO 82FG; rustc 1.97.0 / cargo 1.97.0; profil release","test binary --exact handshake_ik_roundtrip (1 test per proses)",waktu_proses_dengan_handshake,ms,,16.24,,EXECUTED,"pengukuran diferensial eksternal; bukan timer di dalam do_handshake()"
EXP-02,Correctness dan Rejection Handshake Noise_IK,handshake_latency_testbin,11,2026-07-27,75d17fd,"Windows 11 Home 10.0.26200 build 26200; Intel Core i7-1165G7 4C/8T @2.80GHz; RAM 11.79 GB (free ~0.93 GB saat uji); bare-metal LENOVO 82FG; rustc 1.97.0 / cargo 1.97.0; profil release","test binary --exact handshake_ik_roundtrip (1 test per proses)",waktu_proses_dengan_handshake,ms,,12.24,,EXECUTED,"pengukuran diferensial eksternal; bukan timer di dalam do_handshake()"
EXP-02,Correctness dan Rejection Handshake Noise_IK,handshake_latency_testbin,12,2026-07-27,75d17fd,"Windows 11 Home 10.0.26200 build 26200; Intel Core i7-1165G7 4C/8T @2.80GHz; RAM 11.79 GB (free ~0.93 GB saat uji); bare-metal LENOVO 82FG; rustc 1.97.0 / cargo 1.97.0; profil release","test binary --exact handshake_ik_roundtrip (1 test per proses)",waktu_proses_dengan_handshake,ms,,12.66,,EXECUTED,"pengukuran diferensial eksternal; bukan timer di dalam do_handshake()"
EXP-02,Correctness dan Rejection Handshake Noise_IK,handshake_latency_testbin,13,2026-07-27,75d17fd,"Windows 11 Home 10.0.26200 build 26200; Intel Core i7-1165G7 4C/8T @2.80GHz; RAM 11.79 GB (free ~0.93 GB saat uji); bare-metal LENOVO 82FG; rustc 1.97.0 / cargo 1.97.0; profil release","test binary --exact handshake_ik_roundtrip (1 test per proses)",waktu_proses_dengan_handshake,ms,,12.03,,EXECUTED,"pengukuran diferensial eksternal; bukan timer di dalam do_handshake()"
EXP-02,Correctness dan Rejection Handshake Noise_IK,handshake_latency_testbin,14,2026-07-27,75d17fd,"Windows 11 Home 10.0.26200 build 26200; Intel Core i7-1165G7 4C/8T @2.80GHz; RAM 11.79 GB (free ~0.93 GB saat uji); bare-metal LENOVO 82FG; rustc 1.97.0 / cargo 1.97.0; profil release","test binary --exact handshake_ik_roundtrip (1 test per proses)",waktu_proses_dengan_handshake,ms,,12.31,,EXECUTED,"pengukuran diferensial eksternal; bukan timer di dalam do_handshake()"
EXP-02,Correctness dan Rejection Handshake Noise_IK,handshake_latency_testbin,15,2026-07-27,75d17fd,"Windows 11 Home 10.0.26200 build 26200; Intel Core i7-1165G7 4C/8T @2.80GHz; RAM 11.79 GB (free ~0.93 GB saat uji); bare-metal LENOVO 82FG; rustc 1.97.0 / cargo 1.97.0; profil release","test binary --exact handshake_ik_roundtrip (1 test per proses)",waktu_proses_dengan_handshake,ms,,10.87,,EXECUTED,"pengukuran diferensial eksternal; bukan timer di dalam do_handshake()"
EXP-02,Correctness dan Rejection Handshake Noise_IK,handshake_latency_testbin,16,2026-07-27,75d17fd,"Windows 11 Home 10.0.26200 build 26200; Intel Core i7-1165G7 4C/8T @2.80GHz; RAM 11.79 GB (free ~0.93 GB saat uji); bare-metal LENOVO 82FG; rustc 1.97.0 / cargo 1.97.0; profil release","test binary --exact handshake_ik_roundtrip (1 test per proses)",waktu_proses_dengan_handshake,ms,,11.64,,EXECUTED,"pengukuran diferensial eksternal; bukan timer di dalam do_handshake()"
EXP-02,Correctness dan Rejection Handshake Noise_IK,handshake_latency_testbin,17,2026-07-27,75d17fd,"Windows 11 Home 10.0.26200 build 26200; Intel Core i7-1165G7 4C/8T @2.80GHz; RAM 11.79 GB (free ~0.93 GB saat uji); bare-metal LENOVO 82FG; rustc 1.97.0 / cargo 1.97.0; profil release","test binary --exact handshake_ik_roundtrip (1 test per proses)",waktu_proses_dengan_handshake,ms,,12.81,,EXECUTED,"pengukuran diferensial eksternal; bukan timer di dalam do_handshake()"
EXP-02,Correctness dan Rejection Handshake Noise_IK,handshake_latency_testbin,18,2026-07-27,75d17fd,"Windows 11 Home 10.0.26200 build 26200; Intel Core i7-1165G7 4C/8T @2.80GHz; RAM 11.79 GB (free ~0.93 GB saat uji); bare-metal LENOVO 82FG; rustc 1.97.0 / cargo 1.97.0; profil release","test binary --exact handshake_ik_roundtrip (1 test per proses)",waktu_proses_dengan_handshake,ms,,12.09,,EXECUTED,"pengukuran diferensial eksternal; bukan timer di dalam do_handshake()"
EXP-02,Correctness dan Rejection Handshake Noise_IK,handshake_latency_testbin,19,2026-07-27,75d17fd,"Windows 11 Home 10.0.26200 build 26200; Intel Core i7-1165G7 4C/8T @2.80GHz; RAM 11.79 GB (free ~0.93 GB saat uji); bare-metal LENOVO 82FG; rustc 1.97.0 / cargo 1.97.0; profil release","test binary --exact handshake_ik_roundtrip (1 test per proses)",waktu_proses_dengan_handshake,ms,,13.25,,EXECUTED,"pengukuran diferensial eksternal; bukan timer di dalam do_handshake()"
EXP-02,Correctness dan Rejection Handshake Noise_IK,handshake_latency_testbin,20,2026-07-27,75d17fd,"Windows 11 Home 10.0.26200 build 26200; Intel Core i7-1165G7 4C/8T @2.80GHz; RAM 11.79 GB (free ~0.93 GB saat uji); bare-metal LENOVO 82FG; rustc 1.97.0 / cargo 1.97.0; profil release","test binary --exact handshake_ik_roundtrip (1 test per proses)",waktu_proses_dengan_handshake,ms,,14.34,,EXECUTED,"pengukuran diferensial eksternal; bukan timer di dalam do_handshake()"
EXP-02,Correctness dan Rejection Handshake Noise_IK,handshake_latency_nulltest,1,2026-07-27,75d17fd,"Windows 11 Home 10.0.26200 build 26200; Intel Core i7-1165G7 4C/8T @2.80GHz; RAM 11.79 GB (free ~0.93 GB saat uji); bare-metal LENOVO 82FG; rustc 1.97.0 / cargo 1.97.0; profil release","test binary --exact __no_such_test__ (0 test dijalankan)",waktu_proses_tanpa_handshake,ms,,25.27,,EXECUTED,"kontrol untuk mengisolasi biaya handshake dari overhead test binary"
EXP-02,Correctness dan Rejection Handshake Noise_IK,handshake_latency_nulltest,2,2026-07-27,75d17fd,"Windows 11 Home 10.0.26200 build 26200; Intel Core i7-1165G7 4C/8T @2.80GHz; RAM 11.79 GB (free ~0.93 GB saat uji); bare-metal LENOVO 82FG; rustc 1.97.0 / cargo 1.97.0; profil release","test binary --exact __no_such_test__ (0 test dijalankan)",waktu_proses_tanpa_handshake,ms,,11.78,,EXECUTED,"kontrol untuk mengisolasi biaya handshake dari overhead test binary"
EXP-02,Correctness dan Rejection Handshake Noise_IK,handshake_latency_nulltest,3,2026-07-27,75d17fd,"Windows 11 Home 10.0.26200 build 26200; Intel Core i7-1165G7 4C/8T @2.80GHz; RAM 11.79 GB (free ~0.93 GB saat uji); bare-metal LENOVO 82FG; rustc 1.97.0 / cargo 1.97.0; profil release","test binary --exact __no_such_test__ (0 test dijalankan)",waktu_proses_tanpa_handshake,ms,,11.55,,EXECUTED,"kontrol untuk mengisolasi biaya handshake dari overhead test binary"
EXP-02,Correctness dan Rejection Handshake Noise_IK,handshake_latency_nulltest,4,2026-07-27,75d17fd,"Windows 11 Home 10.0.26200 build 26200; Intel Core i7-1165G7 4C/8T @2.80GHz; RAM 11.79 GB (free ~0.93 GB saat uji); bare-metal LENOVO 82FG; rustc 1.97.0 / cargo 1.97.0; profil release","test binary --exact __no_such_test__ (0 test dijalankan)",waktu_proses_tanpa_handshake,ms,,11.86,,EXECUTED,"kontrol untuk mengisolasi biaya handshake dari overhead test binary"
EXP-02,Correctness dan Rejection Handshake Noise_IK,handshake_latency_nulltest,5,2026-07-27,75d17fd,"Windows 11 Home 10.0.26200 build 26200; Intel Core i7-1165G7 4C/8T @2.80GHz; RAM 11.79 GB (free ~0.93 GB saat uji); bare-metal LENOVO 82FG; rustc 1.97.0 / cargo 1.97.0; profil release","test binary --exact __no_such_test__ (0 test dijalankan)",waktu_proses_tanpa_handshake,ms,,14.11,,EXECUTED,"kontrol untuk mengisolasi biaya handshake dari overhead test binary"
EXP-02,Correctness dan Rejection Handshake Noise_IK,handshake_latency_nulltest,6,2026-07-27,75d17fd,"Windows 11 Home 10.0.26200 build 26200; Intel Core i7-1165G7 4C/8T @2.80GHz; RAM 11.79 GB (free ~0.93 GB saat uji); bare-metal LENOVO 82FG; rustc 1.97.0 / cargo 1.97.0; profil release","test binary --exact __no_such_test__ (0 test dijalankan)",waktu_proses_tanpa_handshake,ms,,12.62,,EXECUTED,"kontrol untuk mengisolasi biaya handshake dari overhead test binary"
EXP-02,Correctness dan Rejection Handshake Noise_IK,handshake_latency_nulltest,7,2026-07-27,75d17fd,"Windows 11 Home 10.0.26200 build 26200; Intel Core i7-1165G7 4C/8T @2.80GHz; RAM 11.79 GB (free ~0.93 GB saat uji); bare-metal LENOVO 82FG; rustc 1.97.0 / cargo 1.97.0; profil release","test binary --exact __no_such_test__ (0 test dijalankan)",waktu_proses_tanpa_handshake,ms,,15.45,,EXECUTED,"kontrol untuk mengisolasi biaya handshake dari overhead test binary"
EXP-02,Correctness dan Rejection Handshake Noise_IK,handshake_latency_nulltest,8,2026-07-27,75d17fd,"Windows 11 Home 10.0.26200 build 26200; Intel Core i7-1165G7 4C/8T @2.80GHz; RAM 11.79 GB (free ~0.93 GB saat uji); bare-metal LENOVO 82FG; rustc 1.97.0 / cargo 1.97.0; profil release","test binary --exact __no_such_test__ (0 test dijalankan)",waktu_proses_tanpa_handshake,ms,,14.31,,EXECUTED,"kontrol untuk mengisolasi biaya handshake dari overhead test binary"
EXP-02,Correctness dan Rejection Handshake Noise_IK,handshake_latency_nulltest,9,2026-07-27,75d17fd,"Windows 11 Home 10.0.26200 build 26200; Intel Core i7-1165G7 4C/8T @2.80GHz; RAM 11.79 GB (free ~0.93 GB saat uji); bare-metal LENOVO 82FG; rustc 1.97.0 / cargo 1.97.0; profil release","test binary --exact __no_such_test__ (0 test dijalankan)",waktu_proses_tanpa_handshake,ms,,13.12,,EXECUTED,"kontrol untuk mengisolasi biaya handshake dari overhead test binary"
EXP-02,Correctness dan Rejection Handshake Noise_IK,handshake_latency_nulltest,10,2026-07-27,75d17fd,"Windows 11 Home 10.0.26200 build 26200; Intel Core i7-1165G7 4C/8T @2.80GHz; RAM 11.79 GB (free ~0.93 GB saat uji); bare-metal LENOVO 82FG; rustc 1.97.0 / cargo 1.97.0; profil release","test binary --exact __no_such_test__ (0 test dijalankan)",waktu_proses_tanpa_handshake,ms,,14.25,,EXECUTED,"kontrol untuk mengisolasi biaya handshake dari overhead test binary"
EXP-02,Correctness dan Rejection Handshake Noise_IK,handshake_latency_nulltest,11,2026-07-27,75d17fd,"Windows 11 Home 10.0.26200 build 26200; Intel Core i7-1165G7 4C/8T @2.80GHz; RAM 11.79 GB (free ~0.93 GB saat uji); bare-metal LENOVO 82FG; rustc 1.97.0 / cargo 1.97.0; profil release","test binary --exact __no_such_test__ (0 test dijalankan)",waktu_proses_tanpa_handshake,ms,,11.8,,EXECUTED,"kontrol untuk mengisolasi biaya handshake dari overhead test binary"
EXP-02,Correctness dan Rejection Handshake Noise_IK,handshake_latency_nulltest,12,2026-07-27,75d17fd,"Windows 11 Home 10.0.26200 build 26200; Intel Core i7-1165G7 4C/8T @2.80GHz; RAM 11.79 GB (free ~0.93 GB saat uji); bare-metal LENOVO 82FG; rustc 1.97.0 / cargo 1.97.0; profil release","test binary --exact __no_such_test__ (0 test dijalankan)",waktu_proses_tanpa_handshake,ms,,12.73,,EXECUTED,"kontrol untuk mengisolasi biaya handshake dari overhead test binary"
EXP-02,Correctness dan Rejection Handshake Noise_IK,handshake_latency_nulltest,13,2026-07-27,75d17fd,"Windows 11 Home 10.0.26200 build 26200; Intel Core i7-1165G7 4C/8T @2.80GHz; RAM 11.79 GB (free ~0.93 GB saat uji); bare-metal LENOVO 82FG; rustc 1.97.0 / cargo 1.97.0; profil release","test binary --exact __no_such_test__ (0 test dijalankan)",waktu_proses_tanpa_handshake,ms,,11.64,,EXECUTED,"kontrol untuk mengisolasi biaya handshake dari overhead test binary"
EXP-02,Correctness dan Rejection Handshake Noise_IK,handshake_latency_nulltest,14,2026-07-27,75d17fd,"Windows 11 Home 10.0.26200 build 26200; Intel Core i7-1165G7 4C/8T @2.80GHz; RAM 11.79 GB (free ~0.93 GB saat uji); bare-metal LENOVO 82FG; rustc 1.97.0 / cargo 1.97.0; profil release","test binary --exact __no_such_test__ (0 test dijalankan)",waktu_proses_tanpa_handshake,ms,,11.59,,EXECUTED,"kontrol untuk mengisolasi biaya handshake dari overhead test binary"
EXP-02,Correctness dan Rejection Handshake Noise_IK,handshake_latency_nulltest,15,2026-07-27,75d17fd,"Windows 11 Home 10.0.26200 build 26200; Intel Core i7-1165G7 4C/8T @2.80GHz; RAM 11.79 GB (free ~0.93 GB saat uji); bare-metal LENOVO 82FG; rustc 1.97.0 / cargo 1.97.0; profil release","test binary --exact __no_such_test__ (0 test dijalankan)",waktu_proses_tanpa_handshake,ms,,11.01,,EXECUTED,"kontrol untuk mengisolasi biaya handshake dari overhead test binary"
EXP-02,Correctness dan Rejection Handshake Noise_IK,handshake_latency_nulltest,16,2026-07-27,75d17fd,"Windows 11 Home 10.0.26200 build 26200; Intel Core i7-1165G7 4C/8T @2.80GHz; RAM 11.79 GB (free ~0.93 GB saat uji); bare-metal LENOVO 82FG; rustc 1.97.0 / cargo 1.97.0; profil release","test binary --exact __no_such_test__ (0 test dijalankan)",waktu_proses_tanpa_handshake,ms,,13.66,,EXECUTED,"kontrol untuk mengisolasi biaya handshake dari overhead test binary"
EXP-02,Correctness dan Rejection Handshake Noise_IK,handshake_latency_nulltest,17,2026-07-27,75d17fd,"Windows 11 Home 10.0.26200 build 26200; Intel Core i7-1165G7 4C/8T @2.80GHz; RAM 11.79 GB (free ~0.93 GB saat uji); bare-metal LENOVO 82FG; rustc 1.97.0 / cargo 1.97.0; profil release","test binary --exact __no_such_test__ (0 test dijalankan)",waktu_proses_tanpa_handshake,ms,,12.77,,EXECUTED,"kontrol untuk mengisolasi biaya handshake dari overhead test binary"
EXP-02,Correctness dan Rejection Handshake Noise_IK,handshake_latency_nulltest,18,2026-07-27,75d17fd,"Windows 11 Home 10.0.26200 build 26200; Intel Core i7-1165G7 4C/8T @2.80GHz; RAM 11.79 GB (free ~0.93 GB saat uji); bare-metal LENOVO 82FG; rustc 1.97.0 / cargo 1.97.0; profil release","test binary --exact __no_such_test__ (0 test dijalankan)",waktu_proses_tanpa_handshake,ms,,12.01,,EXECUTED,"kontrol untuk mengisolasi biaya handshake dari overhead test binary"
EXP-02,Correctness dan Rejection Handshake Noise_IK,handshake_latency_nulltest,19,2026-07-27,75d17fd,"Windows 11 Home 10.0.26200 build 26200; Intel Core i7-1165G7 4C/8T @2.80GHz; RAM 11.79 GB (free ~0.93 GB saat uji); bare-metal LENOVO 82FG; rustc 1.97.0 / cargo 1.97.0; profil release","test binary --exact __no_such_test__ (0 test dijalankan)",waktu_proses_tanpa_handshake,ms,,18.69,,EXECUTED,"kontrol untuk mengisolasi biaya handshake dari overhead test binary"
EXP-02,Correctness dan Rejection Handshake Noise_IK,handshake_latency_nulltest,20,2026-07-27,75d17fd,"Windows 11 Home 10.0.26200 build 26200; Intel Core i7-1165G7 4C/8T @2.80GHz; RAM 11.79 GB (free ~0.93 GB saat uji); bare-metal LENOVO 82FG; rustc 1.97.0 / cargo 1.97.0; profil release","test binary --exact __no_such_test__ (0 test dijalankan)",waktu_proses_tanpa_handshake,ms,,12.16,,EXECUTED,"kontrol untuk mengisolasi biaya handshake dari overhead test binary"
EXP-05,Benchmark Argon2id dan Ciphertext Expansion,vault_ciphertext_size,1,2026-07-27,75d17fd,"Windows 11 Home 10.0.26200 build 26200; Intel Core i7-1165G7 4C/8T @2.80GHz; RAM 11.79 GB (free ~0.93 GB saat uji); bare-metal LENOVO 82FG; rustc 1.97.0 / cargo 1.97.0; profil release","vault dummy hasil KeyBundle::generate() + passphrase uji",ukuran_vault,byte,108,108,pass,EXECUTED,"5 vault independen; layout 16B salt + 12B nonce + 64B ciphertext + 16B tag"
EXP-05,Benchmark Argon2id dan Ciphertext Expansion,vault_ciphertext_size,2,2026-07-27,75d17fd,"Windows 11 Home 10.0.26200 build 26200; Intel Core i7-1165G7 4C/8T @2.80GHz; RAM 11.79 GB (free ~0.93 GB saat uji); bare-metal LENOVO 82FG; rustc 1.97.0 / cargo 1.97.0; profil release","vault dummy hasil KeyBundle::generate() + passphrase uji",ukuran_vault,byte,108,108,pass,EXECUTED,"5 vault independen; layout 16B salt + 12B nonce + 64B ciphertext + 16B tag"
EXP-05,Benchmark Argon2id dan Ciphertext Expansion,vault_ciphertext_size,3,2026-07-27,75d17fd,"Windows 11 Home 10.0.26200 build 26200; Intel Core i7-1165G7 4C/8T @2.80GHz; RAM 11.79 GB (free ~0.93 GB saat uji); bare-metal LENOVO 82FG; rustc 1.97.0 / cargo 1.97.0; profil release","vault dummy hasil KeyBundle::generate() + passphrase uji",ukuran_vault,byte,108,108,pass,EXECUTED,"5 vault independen; layout 16B salt + 12B nonce + 64B ciphertext + 16B tag"
EXP-05,Benchmark Argon2id dan Ciphertext Expansion,vault_ciphertext_size,4,2026-07-27,75d17fd,"Windows 11 Home 10.0.26200 build 26200; Intel Core i7-1165G7 4C/8T @2.80GHz; RAM 11.79 GB (free ~0.93 GB saat uji); bare-metal LENOVO 82FG; rustc 1.97.0 / cargo 1.97.0; profil release","vault dummy hasil KeyBundle::generate() + passphrase uji",ukuran_vault,byte,108,108,pass,EXECUTED,"5 vault independen; layout 16B salt + 12B nonce + 64B ciphertext + 16B tag"
EXP-05,Benchmark Argon2id dan Ciphertext Expansion,vault_ciphertext_size,5,2026-07-27,75d17fd,"Windows 11 Home 10.0.26200 build 26200; Intel Core i7-1165G7 4C/8T @2.80GHz; RAM 11.79 GB (free ~0.93 GB saat uji); bare-metal LENOVO 82FG; rustc 1.97.0 / cargo 1.97.0; profil release","vault dummy hasil KeyBundle::generate() + passphrase uji",ukuran_vault,byte,108,108,pass,EXECUTED,"5 vault independen; layout 16B salt + 12B nonce + 64B ciphertext + 16B tag"
EXP-04,Correctness Invite/Fingerprint/Contact Store,invite_string_length,1,2026-07-27,75d17fd,"Windows 11 Home 10.0.26200 build 26200; Intel Core i7-1165G7 4C/8T @2.80GHz; RAM 11.79 GB (free ~0.93 GB saat uji); bare-metal LENOVO 82FG; rustc 1.97.0 / cargo 1.97.0; profil release","invite LAN-only dari 5 keypair acak berbeda",panjang_invite,karakter,86,86,pass,EXECUTED,"base64url tanpa padding atas 64 byte = 86 karakter; konsisten 5/5 sampel"
EXP-04,Correctness Invite/Fingerprint/Contact Store,invite_string_length,2,2026-07-27,75d17fd,"Windows 11 Home 10.0.26200 build 26200; Intel Core i7-1165G7 4C/8T @2.80GHz; RAM 11.79 GB (free ~0.93 GB saat uji); bare-metal LENOVO 82FG; rustc 1.97.0 / cargo 1.97.0; profil release","invite LAN-only dari 5 keypair acak berbeda",panjang_invite,karakter,86,86,pass,EXECUTED,"base64url tanpa padding atas 64 byte = 86 karakter; konsisten 5/5 sampel"
EXP-04,Correctness Invite/Fingerprint/Contact Store,invite_string_length,3,2026-07-27,75d17fd,"Windows 11 Home 10.0.26200 build 26200; Intel Core i7-1165G7 4C/8T @2.80GHz; RAM 11.79 GB (free ~0.93 GB saat uji); bare-metal LENOVO 82FG; rustc 1.97.0 / cargo 1.97.0; profil release","invite LAN-only dari 5 keypair acak berbeda",panjang_invite,karakter,86,86,pass,EXECUTED,"base64url tanpa padding atas 64 byte = 86 karakter; konsisten 5/5 sampel"
EXP-04,Correctness Invite/Fingerprint/Contact Store,invite_string_length,4,2026-07-27,75d17fd,"Windows 11 Home 10.0.26200 build 26200; Intel Core i7-1165G7 4C/8T @2.80GHz; RAM 11.79 GB (free ~0.93 GB saat uji); bare-metal LENOVO 82FG; rustc 1.97.0 / cargo 1.97.0; profil release","invite LAN-only dari 5 keypair acak berbeda",panjang_invite,karakter,86,86,pass,EXECUTED,"base64url tanpa padding atas 64 byte = 86 karakter; konsisten 5/5 sampel"
EXP-04,Correctness Invite/Fingerprint/Contact Store,invite_string_length,5,2026-07-27,75d17fd,"Windows 11 Home 10.0.26200 build 26200; Intel Core i7-1165G7 4C/8T @2.80GHz; RAM 11.79 GB (free ~0.93 GB saat uji); bare-metal LENOVO 82FG; rustc 1.97.0 / cargo 1.97.0; profil release","invite LAN-only dari 5 keypair acak berbeda",panjang_invite,karakter,86,86,pass,EXECUTED,"base64url tanpa padding atas 64 byte = 86 karakter; konsisten 5/5 sampel"
EXP-04,Correctness Invite/Fingerprint/Contact Store,fingerprint_hex_length_cli,1,2026-07-27,75d17fd,"Windows 11 Home 10.0.26200 build 26200; Intel Core i7-1165G7 4C/8T @2.80GHz; RAM 11.79 GB (free ~0.93 GB saat uji); bare-metal LENOVO 82FG; rustc 1.97.0 / cargo 1.97.0; profil release","fingerprint dicetak subcommand id",panjang_fingerprint,karakter_hex,64,64,pass,EXECUTED,"verifikasi lewat CLI melengkapi unit test fingerprint_is_64_hex_chars"
EXP-04,Correctness Invite/Fingerprint/Contact Store,fingerprint_hex_length_cli,2,2026-07-27,75d17fd,"Windows 11 Home 10.0.26200 build 26200; Intel Core i7-1165G7 4C/8T @2.80GHz; RAM 11.79 GB (free ~0.93 GB saat uji); bare-metal LENOVO 82FG; rustc 1.97.0 / cargo 1.97.0; profil release","fingerprint dicetak subcommand id",panjang_fingerprint,karakter_hex,64,64,pass,EXECUTED,"verifikasi lewat CLI melengkapi unit test fingerprint_is_64_hex_chars"
EXP-04,Correctness Invite/Fingerprint/Contact Store,fingerprint_hex_length_cli,3,2026-07-27,75d17fd,"Windows 11 Home 10.0.26200 build 26200; Intel Core i7-1165G7 4C/8T @2.80GHz; RAM 11.79 GB (free ~0.93 GB saat uji); bare-metal LENOVO 82FG; rustc 1.97.0 / cargo 1.97.0; profil release","fingerprint dicetak subcommand id",panjang_fingerprint,karakter_hex,64,64,pass,EXECUTED,"verifikasi lewat CLI melengkapi unit test fingerprint_is_64_hex_chars"
EXP-04,Correctness Invite/Fingerprint/Contact Store,fingerprint_hex_length_cli,4,2026-07-27,75d17fd,"Windows 11 Home 10.0.26200 build 26200; Intel Core i7-1165G7 4C/8T @2.80GHz; RAM 11.79 GB (free ~0.93 GB saat uji); bare-metal LENOVO 82FG; rustc 1.97.0 / cargo 1.97.0; profil release","fingerprint dicetak subcommand id",panjang_fingerprint,karakter_hex,64,64,pass,EXECUTED,"verifikasi lewat CLI melengkapi unit test fingerprint_is_64_hex_chars"
EXP-04,Correctness Invite/Fingerprint/Contact Store,fingerprint_hex_length_cli,5,2026-07-27,75d17fd,"Windows 11 Home 10.0.26200 build 26200; Intel Core i7-1165G7 4C/8T @2.80GHz; RAM 11.79 GB (free ~0.93 GB saat uji); bare-metal LENOVO 82FG; rustc 1.97.0 / cargo 1.97.0; profil release","fingerprint dicetak subcommand id",panjang_fingerprint,karakter_hex,64,64,pass,EXECUTED,"verifikasi lewat CLI melengkapi unit test fingerprint_is_64_hex_chars"
EXP-03,Consistency Transport Sesi Terenkripsi,ciphertext_overhead_vault,1,2026-07-27,75d17fd,"Windows 11 Home 10.0.26200 build 26200; Intel Core i7-1165G7 4C/8T @2.80GHz; RAM 11.79 GB; rustc 1.97.0; profil release","plaintext 64 byte (32B Ed25519 sk + 32B X25519 sk) -> region ciphertext+tag vault",overhead_tag,byte,16,16,pass,EXECUTED,"diturunkan dari ukuran file terukur 108 byte dikurangi 16B salt + 12B nonce + 64B plaintext; instance ChaCha20-Poly1305 vault (CORE-3)"
EXP-03,Consistency Transport Sesi Terenkripsi,ciphertext_overhead_transport,,2026-07-27,75d17fd,,,overhead_tag,byte,16,,,NEEDS_EXPERIMENT,"instance Noise transport TIDAK diukur langsung - ukuran ciphertext per pesan tidak observable dari luar proses tanpa instrumentasi src/; AGENTS.md melarang modifikasi source tanpa permintaan eksplisit user"
EXP-05,Benchmark Argon2id dan Ciphertext Expansion,SUMMARY_unseal_e2e,,2026-07-27,75d17fd,"Windows 11 Home 10.0.26200 build 26200; Intel Core i7-1165G7 4C/8T @2.80GHz; RAM 11.79 GB; rustc 1.97.0; profil release",n=30 cold-start,waktu_unseal_e2e_mean,ms,,68.47,,EXECUTED,"median 64.15; sd 12.47; min 54.53; max 106.86"
EXP-05,Benchmark Argon2id dan Ciphertext Expansion,SUMMARY_baseline,,2026-07-27,75d17fd,"Windows 11 Home 10.0.26200 build 26200; Intel Core i7-1165G7 4C/8T @2.80GHz; RAM 11.79 GB; rustc 1.97.0; profil release",n=30 cold-start,waktu_baseline_proses_mean,ms,,20.48,,EXECUTED,"median 19.10; sd 4.73; min 13.65; max 33.53"
EXP-05,Benchmark Argon2id dan Ciphertext Expansion,SUMMARY_unseal_net,,2026-07-27,75d17fd,"Windows 11 Home 10.0.26200 build 26200; Intel Core i7-1165G7 4C/8T @2.80GHz; RAM 11.79 GB; rustc 1.97.0; profil release",selisih berpasangan n=30,waktu_unseal_neto_mean,ms,~100 (klaim komentar vault.rs),47.99,,EXECUTED,"median 45.08; sd 11.41; min 26.99; max 86.30 - MENGOREKSI klaim ~100ms: sekitar 2x lebih cepat pada hardware uji"
EXP-02,Correctness dan Rejection Handshake Noise_IK,SUMMARY_handshake_latency,,2026-07-27,75d17fd,"Windows 11 Home 10.0.26200 build 26200; Intel Core i7-1165G7 4C/8T @2.80GHz; RAM 11.79 GB; rustc 1.97.0; profil release",selisih berpasangan n=19 (run ke-1 outlier warm-up dibuang),latensi_handshake,ms,,<0.86,,PARTIAL,"selisih rata-rata -0.15 ms (sd 1.91) = tidak terdeteksi di atas noise; dilaporkan sebagai BATAS ATAS 0.86 ms (95% CI) bukan nilai titik - metode eksternal tidak cukup resolusinya"
EXP-01,Correctness dan Rejection Vault Identitas,cli_unseal_determinism,1,2026-07-27,75d17fd,"Windows 11 Home 10.0.26200; Intel Core i7-1165G7 4C/8T; RAM 11.79 GB; rustc 1.97.0; profil release","10 cold-start unseal vault yang sama, passphrase benar",proporsi_roundtrip_sukses,persen,100,100,pass,EXECUTED,"10/10 exit code 0; invite yang dicetak identik pada 10 run (jumlah string unik = 1) - konfirmasi determinisme unseal lewat CLI"
EXP-01,Correctness dan Rejection Vault Identitas,cli_unseal_wrong_passphrase,1,2026-07-27,75d17fd,"Windows 11 Home 10.0.26200; Intel Core i7-1165G7 4C/8T; RAM 11.79 GB; rustc 1.97.0; profil release","vault sama, passphrase salah",proporsi_rejection_benar,persen,100,100,pass,EXECUTED,"exit code 1, pesan generik 'Error: vault could not be opened' - tidak membedakan penyebab kegagalan"

# RINGKASAN EKSEKUSI 2026-07-27 (commit 75d17fd, melanjutkan EXPERIMENT_RESULTS_2026-07-26.csv - TIDAK menggantikannya).
# Lingkungan: Windows 11 Home 10.0.26200 (build 26200), Intel Core i7-1165G7 4C/8T @2.80GHz, RAM 11.79 GB (free ~0.93 GB saat uji),
# bare-metal (LENOVO 82FG, bukan VM/container), rustc 1.97.0 (2d8144b78 2026-07-07), cargo 1.97.0, profil --release.
# cargo build --release dijalankan ulang sebelum pengukuran (Finished dalam 1m05s; binary target/release/aksara.exe segar untuk commit ini).
#
# EXP-05 (SELESAI): 30 cold-start unseal via `aksara id --vault <path> --offline` (passphrase lewat env AKSARA_PASSPHRASE, data dummy).
#   - waktu end-to-end proses: mean 68.47 ms, median 64.15 ms, sd 12.47 ms, min 54.53 ms, max 106.86 ms.
#   - kontrol `aksara -h` (tanpa Argon2id): mean 20.48 ms, median 19.10 ms, sd 4.73 ms.
#   - biaya unseal neto (selisih berpasangan): mean 47.99 ms, median 45.08 ms, sd 11.41 ms.
#   - KESIMPULAN: klaim komentar kode "~100 ms" (vault.rs, CB-087/CM-061) TERKOREKSI - pada hardware uji nilainya ~48 ms neto
#     (~68 ms bila diukur end-to-end termasuk spawn proses), yaitu sekitar setengah dari klaim. Klaim TIDAK dikonfirmasi apa adanya.
#   - ukuran vault 108 byte terverifikasi pada 5 vault independen (bukan hanya dikutip dari spesifikasi).
#
# EXP-04 (SELESAI): panjang invite 86 karakter konsisten pada 5 keypair acak berbeda; fingerprint 64 karakter hex.
#
# EXP-03 (PARSIAL): overhead tag 16 byte terverifikasi secara terukur pada instance vault (108 - 16 salt - 12 nonce - 64 plaintext).
#   Instance Noise transport TIDAK diukur langsung - butuh instrumentasi src/ yang di luar wewenang sesi dokumentasi (AGENTS.md).
#
# EXP-02 (PARSIAL): latensi handshake TIDAK terdeteksi di atas noise metode eksternal (selisih rata-rata -0.15 ms, sd 1.91 ms, n=19).
#   Dilaporkan sebagai BATAS ATAS < 0.86 ms (95% CI), bukan nilai titik. Pengukuran presisi butuh timer di dalam source.
#
# CATATAN ANTI-OVERCLAIM: seluruh angka di atas berlaku HANYA untuk hardware/OS di baris "Lingkungan" - tidak digeneralisasi.
